{"init_params": {"cat_dims": [14, 7, 3, 22, 22, 5, 4, 26, 12], "cat_emb_dim": [1, 1, 1, 1, 1, 1, 1, 1, 1], "cat_idxs": [0, 30, 32, 33, 34, 36, 38, 92, 702], "clip_value": 2.0, "device_name": "auto", "epsilon": 1e-15, "gamma": 1.5, "grouped_features": [], "input_dim": 906, "lambda_sparse": 0.0001, "mask_type": "sparsemax", "momentum": 0.3, "n_a": 64, "n_d": 64, "n_indep_decoder": 1, "n_independent": 2, "n_shared": 2, "n_shared_decoder": 1, "n_steps": 5, "optimizer_params": {"lr": 0.02}, "output_dim": 4, "scheduler_params": {"gamma": 0.95, "step_size": 20}, "seed": 0, "verbose": 1}, "class_attrs": {"preds_mapper": {"0": 0, "1": 1, "2": 2, "3": 3}}}